{"loss": [0.9325813055038452, 0.5623983144760132, 0.4829658567905426, 0.4134805202484131, 0.3796658515930176, 0.3642151951789856, 0.3356004059314728, 0.33252623677253723, 0.32303088903427124, 0.31136536598205566, 0.3037202060222626, 0.29377564787864685, 0.28483930230140686, 0.28151506185531616, 0.27524369955062866, 0.2746678590774536, 0.27037665247917175, 0.2581888735294342, 0.25562793016433716, 0.2472645342350006, 0.23801271617412567, 0.2341862916946411, 0.22810956835746765, 0.22775320708751678, 0.21938380599021912, 0.22290682792663574, 0.20847567915916443, 0.20118167996406555, 0.19670139253139496], "accuracy": [0.7666666507720947, 0.9104166626930237, 0.9416666626930237, 0.9736111164093018, 0.9826388955116272, 0.9819444417953491, 0.9944444298744202, 0.9937499761581421, 0.9930555820465088, 0.9958333373069763, 0.9972222447395325, 0.9993055462837219, 0.9993055462837219, 0.9972222447395325, 0.9979166388511658, 0.9972222447395325, 0.9951388835906982, 0.9986110925674438, 0.9958333373069763, 0.9993055462837219, 0.9993055462837219, 0.9979166388511658, 0.9972222447395325, 0.9951388835906982, 0.9972222447395325, 0.9958333373069763, 0.9972222447395325, 1.0, 0.9979166388511658], "val_loss": [1.32234787940979, 0.8346829414367676, 0.6810836791992188, 0.59687739610672, 0.5965672135353088, 0.48785465955734253, 0.5143177509307861, 0.5422641634941101, 0.4098108410835266, 0.48431193828582764, 0.47762638330459595, 0.4061192572116852, 0.4160442054271698, 0.4007152318954468, 0.3721298575401306, 0.3734774589538574, 0.3655462861061096, 0.37259379029273987, 0.3322880268096924, 0.34480762481689453, 0.38604864478111267, 0.3992209732532501, 0.3319670557975769, 0.3053152561187744, 0.4801548719406128, 0.35121017694473267, 0.5515158176422119, 0.36640167236328125, 0.3133236765861511], "val_accuracy": [0.5155555605888367, 0.7977777719497681, 0.8600000143051147, 0.8888888955116272, 0.8888888955116272, 0.9399999976158142, 0.9200000166893005, 0.9111111164093018, 0.9666666388511658, 0.9200000166893005, 0.9222221970558167, 0.9511111378669739, 0.9511111378669739, 0.948888897895813, 0.9622222185134888, 0.9555555582046509, 0.9599999785423279, 0.9466666579246521, 0.9711111187934875, 0.9577777981758118, 0.9377777576446533, 0.9377777576446533, 0.9622222185134888, 0.9644444584846497, 0.9155555367469788, 0.9422222375869751, 0.9133333563804626, 0.9555555582046509, 0.9511111378669739]}