{"loss": [0.5282382369041443, 0.271517276763916, 0.17951111495494843, 0.13591305911540985, 0.11851869523525238, 0.08306870609521866, 0.08062843978404999, 0.0802055299282074, 0.07164095342159271, 0.07486508786678314, 0.06913973391056061, 0.065974660217762, 0.07083269953727722, 0.07040657103061676, 0.06647655367851257, 0.0647512748837471, 0.0712122693657875], "accuracy": [0.784375011920929, 0.918749988079071, 0.9583333134651184, 0.971875011920929, 0.9750000238418579, 0.9947916865348816, 0.9958333373069763, 0.9916666746139526, 0.9958333373069763, 0.9958333373069763, 0.9947916865348816, 0.9979166388511658, 0.9979166388511658, 0.9947916865348816, 0.9989583492279053, 0.996874988079071, 0.9927083253860474], "val_loss": [0.5556315183639526, 0.5107150673866272, 0.38345158100128174, 0.3113887906074524, 0.2721785604953766, 0.37442922592163086, 0.2700738310813904, 0.24836966395378113, 0.29572594165802, 0.19828471541404724, 0.23039743304252625, 0.2476099133491516, 0.19480331242084503, 0.2512458860874176, 0.2893432676792145, 0.18573492765426636, 0.16650435328483582], "val_accuracy": [0.8566666841506958, 0.746666669845581, 0.903333306312561, 0.9433333277702332, 0.9466666579246521, 0.8933333158493042, 0.9633333086967468, 0.9466666579246521, 0.9366666674613953, 0.9633333086967468, 0.9399999976158142, 0.9399999976158142, 0.9433333277702332, 0.95333331823349, 0.9333333373069763, 0.9466666579246521, 0.949999988079071]}