{"loss": [1.1705306768417358, 0.6845404505729675, 0.5634206533432007, 0.4771677553653717, 0.4299505352973938, 0.395772784948349, 0.3712097108364105, 0.3416295051574707, 0.3253942131996155, 0.31257736682891846, 0.30327746272087097, 0.30130067467689514, 0.28502359986305237, 0.28727012872695923, 0.27668648958206177, 0.2724252939224243, 0.26807212829589844, 0.2581310570240021, 0.25694483518600464, 0.25570639967918396, 0.2486843764781952, 0.24736273288726807, 0.24854782223701477, 0.2415509968996048, 0.23952321708202362, 0.23992793262004852], "accuracy": [0.6604166626930237, 0.8453124761581421, 0.8848958611488342, 0.9208333492279053, 0.940625011920929, 0.9526041746139526, 0.9598958492279053, 0.9723958373069763, 0.9770833253860474, 0.9838541746139526, 0.9807291626930237, 0.9864583611488342, 0.9932291507720947, 0.989062488079071, 0.9916666746139526, 0.9932291507720947, 0.9916666746139526, 0.996874988079071, 0.9963541626930237, 0.9942708611488342, 0.9973958134651184, 0.9958333373069763, 0.995312511920929, 0.996874988079071, 0.9958333373069763, 0.9958333373069763], "val_loss": [1.1920382976531982, 0.9732565879821777, 0.8781419396400452, 0.7049137949943542, 0.6922314167022705, 0.7103878259658813, 0.6442946195602417, 0.6738841533660889, 0.5877330303192139, 0.5678923726081848, 0.5693432092666626, 0.5333281755447388, 0.5413922071456909, 0.5252010226249695, 0.5501675605773926, 0.5170099139213562, 0.5294589996337891, 0.5170578956604004, 0.5210579037666321, 0.5262711048126221, 0.476179301738739, 0.4954398274421692, 0.5074369311332703, 0.5874621272087097, 0.5100769996643066, 0.482034295797348], "val_accuracy": [0.621666669845581, 0.7699999809265137, 0.7983333468437195, 0.8866666555404663, 0.9116666913032532, 0.8666666746139526, 0.9183333516120911, 0.8883333206176758, 0.9183333516120911, 0.9200000166893005, 0.9083333611488342, 0.9150000214576721, 0.9166666865348816, 0.9166666865348816, 0.9100000262260437, 0.9233333468437195, 0.9166666865348816, 0.92166668176651, 0.9200000166893005, 0.9150000214576721, 0.92166668176651, 0.92166668176651, 0.9233333468437195, 0.903333306312561, 0.903333306312561, 0.9233333468437195]}