{"loss": [1.3251311779022217, 1.044715166091919, 0.934842586517334, 0.8806017637252808, 0.8321537971496582, 0.8115137815475464, 0.7930044531822205, 0.7612094283103943, 0.758956253528595, 0.7416300773620605, 0.7304530143737793, 0.7161208391189575, 0.7113277912139893, 0.7059600949287415, 0.7000645399093628, 0.6949796676635742, 0.6895087957382202, 0.679139256477356, 0.6760464906692505, 0.6725273132324219, 0.6700789332389832, 0.6625398397445679, 0.6612485647201538, 0.6514005064964294, 0.6497157216072083, 0.6473830938339233, 0.6431273221969604, 0.6360698938369751, 0.6327148675918579, 0.6291807889938354, 0.6257590651512146, 0.6203091144561768, 0.6136712431907654, 0.6219180226325989], "accuracy": [0.6833333373069763, 0.859375, 0.9104166626930237, 0.9364583492279053, 0.9541666507720947, 0.96875, 0.9677083492279053, 0.9822916388511658, 0.9781249761581421, 0.9895833134651184, 0.9906250238418579, 0.9947916865348816, 0.9927083253860474, 0.9916666746139526, 0.9958333373069763, 0.9937499761581421, 0.996874988079071, 0.9989583492279053, 0.9979166388511658, 0.9979166388511658, 0.996874988079071, 1.0, 0.9979166388511658, 1.0, 0.9989583492279053, 0.9979166388511658, 0.9979166388511658, 0.9989583492279053, 0.9979166388511658, 0.9989583492279053, 0.9979166388511658, 0.9979166388511658, 1.0, 0.9958333373069763], "val_loss": [1.246574878692627, 1.1993889808654785, 1.1301401853561401, 1.1034801006317139, 1.0693262815475464, 1.04244065284729, 1.0118918418884277, 0.9866411685943604, 0.9821600914001465, 0.9348167181015015, 0.9028196334838867, 0.8899432420730591, 0.8720781803131104, 0.8575171232223511, 0.8520253896713257, 0.8378692865371704, 0.8212100267410278, 0.8095592260360718, 0.7932652831077576, 0.7871221899986267, 0.7832837104797363, 0.7632344961166382, 0.7540733814239502, 0.7457141876220703, 0.7473869919776917, 0.7474386692047119, 0.7661144137382507, 0.7742811441421509, 0.7240414619445801, 0.7200248837471008, 0.7139301300048828, 0.7057846188545227, 0.694258451461792, 0.6938945055007935], "val_accuracy": [0.7766666412353516, 0.8433333039283752, 0.8933333158493042, 0.9100000262260437, 0.9166666865348816, 0.9300000071525574, 0.9300000071525574, 0.9300000071525574, 0.9200000166893005, 0.9399999976158142, 0.9466666579246521, 0.95333331823349, 0.9466666579246521, 0.95333331823349, 0.9633333086967468, 0.9599999785423279, 0.9566666483879089, 0.9633333086967468, 0.949999988079071, 0.9566666483879089, 0.9599999785423279, 0.9633333086967468, 0.9633333086967468, 0.9700000286102295, 0.9599999785423279, 0.9633333086967468, 0.949999988079071, 0.9399999976158142, 0.9599999785423279, 0.9566666483879089, 0.9566666483879089, 0.9466666579246521, 0.95333331823349, 0.95333331823349]}