{"COVID": {"precision": 0.9228650137741047, "recall": 0.9882005899705014, "f1-score": 0.9544159544159544, "support": 678.0}, "Lung_Opacity": {"precision": 0.9610750695088045, "recall": 0.867056856187291, "f1-score": 0.9116483516483517, "support": 1196.0}, "Normal": {"precision": 0.9345437171524128, "recall": 0.9490538573508006, "f1-score": 0.94174289841117, "support": 2061.0}, "Viral_Pneumonia": {"precision": 0.8895522388059701, "recall": 1.0, "f1-score": 0.9415481832543443, "support": 298.0}, "accuracy": 0.9357429718875502, "macro avg": {"precision": 0.9270090098103231, "recall": 0.9510778258771483, "f1-score": 0.9373388469324551, "support": 4233.0}, "weighted avg": {"precision": 0.9370019916576128, "recall": 0.9357429718875502, "f1-score": 0.9352560637610825, "support": 4233.0}}