{
    "0": {
        "precision": 0.8636363636363636,
        "recall": 1.0,
        "f1-score": 0.9268292682926829,
        "support": 114
    },
    "1": {
        "precision": 1.0,
        "recall": 0.8571428571428571,
        "f1-score": 0.923076923076923,
        "support": 126
    },
    "accuracy": 0.925,
    "macro avg": {
        "precision": 0.9318181818181819,
        "recall": 0.9285714285714286,
        "f1-score": 0.9249530956848029,
        "support": 240
    },
    "weighted avg": {
        "precision": 0.9352272727272727,
        "recall": 0.925,
        "f1-score": 0.9248592870544089,
        "support": 240
    }
}