{
    "0": {
        "precision": 0.9572649572649573,
        "recall": 0.9824561403508771,
        "f1-score": 0.9696969696969696,
        "support": 114
    },
    "1": {
        "precision": 0.983739837398374,
        "recall": 0.9603174603174603,
        "f1-score": 0.9718875502008032,
        "support": 126
    },
    "accuracy": 0.9708333333333333,
    "macro avg": {
        "precision": 0.9705023973316657,
        "recall": 0.9713868003341688,
        "f1-score": 0.9707922599488864,
        "support": 240
    },
    "weighted avg": {
        "precision": 0.971164269335001,
        "recall": 0.9708333333333333,
        "f1-score": 0.9708470244614823,
        "support": 240
    }
}