{"loss": [0.3925173580646515, 0.14682915806770325, 0.10858560353517532, 0.06252825260162354, 0.016869613900780678], "accuracy": [0.8520833253860474, 0.9354166388511658, 0.953125, 0.9791666865348816, 0.9958333373069763], "val_loss": [0.207441046833992, 0.20781292021274567, 0.13185887038707733, 0.14616867899894714, 0.4000254273414612], "val_accuracy": [0.8999999761581421, 0.9083333611488342, 0.9541666507720947, 0.949999988079071, 0.8958333134651184]}