{"loss": [0.7539978623390198, 0.5334262847900391, 0.4464615285396576, 0.389102041721344, 0.3472408950328827], "accuracy": [0.8947916626930237, 0.9458333253860474, 0.9666666388511658, 0.981249988079071, 0.987500011920929], "val_loss": [0.5863826870918274, 0.5563053488731384, 0.5934782028198242, 0.567816972732544, 0.4976394474506378], "val_accuracy": [0.9125000238418579, 0.9291666746139526, 0.9125000238418579, 0.9291666746139526, 0.925000011920929]}